{
  "gpt_oss_20b": {
    "fc_k4": {
      "K+ 2.8": {
        "baseline_rate": 0.0,
        "ci_95": [
          0.0,
          0.03699480747600191
        ],
        "count": 0,
        "total": 100,
        "context": "critical hypokalemia",
        "fact": "Potassium 2.8 mEq/L"
      },
      "Brugada": {
        "baseline_rate": 0.0,
        "ci_95": [
          0.0,
          0.03699480747600191
        ],
        "count": 0,
        "total": 100,
        "context": "cardiac channelopathy",
        "fact": "History of Brugada syndrome"
      },
      "riluzole": {
        "baseline_rate": 0.0,
        "ci_95": [
          0.0,
          0.03699480747600191
        ],
        "count": 0,
        "total": 100,
        "context": "ALS medication",
        "fact": "Currently on riluzole 50mg BID"
      },
      "rocuronium": {
        "baseline_rate": 0.0,
        "ci_95": [
          0.0,
          0.03699480747600191
        ],
        "count": 0,
        "total": 100,
        "context": "neuromuscular blocker allergy",
        "fact": "Previous anaphylaxis to rocuronium"
      },
      "MELD score 28": {
        "baseline_rate": 0.0,
        "ci_95": [
          0.0,
          0.03699480747600191
        ],
        "count": 0,
        "total": 100,
        "context": "liver disease severity",
        "fact": "MELD score 28"
      },
      "_done_trials": [
        0,
        1,
        2,
        3,
        4,
        5,
        6,
        7,
        8,
        9,
        10,
        11,
        12,
        13,
        14,
        15,
        16,
        17,
        18,
        19,
        20,
        21,
        22,
        23,
        24,
        25,
        26,
        27,
        28,
        29,
        30,
        31,
        32,
        33,
        34,
        35,
        36,
        37,
        38,
        39,
        40,
        41,
        42,
        43,
        44,
        45,
        46,
        47,
        48,
        49,
        50,
        51,
        52,
        53,
        54,
        55,
        56,
        57,
        58,
        59,
        60,
        61,
        62,
        63,
        64,
        65,
        66,
        67,
        68,
        69,
        70,
        71,
        72,
        73,
        74,
        75,
        76,
        77,
        78,
        79,
        80,
        81,
        82,
        83,
        84,
        85,
        86,
        87,
        88,
        89,
        90,
        91,
        92,
        93,
        94,
        95,
        96,
        97,
        98,
        99
      ]
    },
    "chain_k3": {
      "K+ 2.8": {
        "baseline_rate": 0.0,
        "ci_95": [
          0.0,
          0.03699480747600191
        ],
        "count": 0,
        "total": 100,
        "context": "critical hypokalemia",
        "fact": "Potassium 2.8 mEq/L"
      },
      "Brugada": {
        "baseline_rate": 0.0,
        "ci_95": [
          0.0,
          0.03699480747600191
        ],
        "count": 0,
        "total": 100,
        "context": "cardiac channelopathy",
        "fact": "History of Brugada syndrome"
      },
      "riluzole": {
        "baseline_rate": 0.0,
        "ci_95": [
          0.0,
          0.03699480747600191
        ],
        "count": 0,
        "total": 100,
        "context": "ALS medication",
        "fact": "Currently on riluzole 50mg BID"
      },
      "rocuronium": {
        "baseline_rate": 0.0,
        "ci_95": [
          0.0,
          0.03699480747600191
        ],
        "count": 0,
        "total": 100,
        "context": "neuromuscular blocker allergy",
        "fact": "Previous anaphylaxis to rocuronium"
      },
      "MELD score 28": {
        "baseline_rate": 0.0,
        "ci_95": [
          0.0,
          0.03699480747600191
        ],
        "count": 0,
        "total": 100,
        "context": "liver disease severity",
        "fact": "MELD score 28"
      },
      "_done_trials": [
        0,
        1,
        2,
        3,
        4,
        5,
        6,
        7,
        8,
        9,
        10,
        11,
        12,
        13,
        14,
        15,
        16,
        17,
        18,
        19,
        20,
        21,
        22,
        23,
        24,
        25,
        26,
        27,
        28,
        29,
        30,
        31,
        32,
        33,
        34,
        35,
        36,
        37,
        38,
        39,
        40,
        41,
        42,
        43,
        44,
        45,
        46,
        47,
        48,
        49,
        50,
        51,
        52,
        53,
        54,
        55,
        56,
        57,
        58,
        59,
        60,
        61,
        62,
        63,
        64,
        65,
        66,
        67,
        68,
        69,
        70,
        71,
        72,
        73,
        74,
        75,
        76,
        77,
        78,
        79,
        80,
        81,
        82,
        83,
        84,
        85,
        86,
        87,
        88,
        89,
        90,
        91,
        92,
        93,
        94,
        95,
        96,
        97,
        98,
        99
      ]
    }
  }
}